City_ID,City,Country,Date,Lat,Lng,Max Temp,Humidity,Cloudiness,Wind Speed
0,Outjo,NA,2022-07-17 16:59:31,-20.1167,16.15,63.63,25,0,8.88
1,Mataura,NZ,2022-07-17 16:59:32,-46.1927,168.8643,51.48,83,83,6.58
2,Tilichiki,RU,2022-07-17 16:59:32,60.4667,166.1,52.18,91,76,5.75
3,Busselton,AU,2022-07-17 16:59:32,-33.65,115.3333,53.35,93,100,13.11
4,Tezu,IN,2022-07-17 16:59:33,27.9167,96.1667,77.63,98,68,2.59
5,Hobart,AU,2022-07-17 16:58:48,-42.8794,147.3294,39.06,79,40,13.8
6,Ushuaia,AR,2022-07-17 16:59:33,-54.8,-68.3,42.46,52,40,10.36
7,Fortuna,US,2022-07-17 16:59:33,40.5982,-124.1573,58.98,76,43,7.29
8,Kapaa,US,2022-07-17 16:59:34,22.0752,-159.319,77.11,85,100,3.0
9,Punta Arenas,CL,2022-07-17 16:56:09,-53.15,-70.9167,33.91,80,0,16.11
10,Manta,EC,2022-07-17 16:59:34,-0.95,-80.7333,74.98,83,75,9.22
11,Georgetown,MY,2022-07-17 16:59:34,5.4112,100.3354,84.13,90,20,2.3
12,Ponta Do Sol,PT,2022-07-17 16:59:35,32.6667,-17.1,77.72,84,35,9.55
13,Pisco,PE,2022-07-17 16:59:35,-13.7,-76.2167,64.02,72,1,8.05
14,Torata,PE,2022-07-17 16:59:35,-17.0769,-70.8433,67.6,13,64,8.39
15,San Cristobal,VE,2022-07-17 16:59:35,7.7669,-72.225,82.58,63,86,6.55
16,Reidsville,US,2022-07-17 16:59:36,36.3549,-79.6645,89.64,62,0,4.61
17,Nikolskoye,RU,2022-07-17 16:59:31,59.7035,30.7861,58.91,94,98,6.96
18,Micheweni,TZ,2022-07-17 16:59:36,-4.9667,39.8333,75.56,79,43,16.96
19,Saint-Philippe,RE,2022-07-17 16:59:36,-21.3585,55.7679,69.39,78,90,16.31
20,Narsaq,GL,2022-07-17 16:59:09,60.9167,-46.05,51.03,65,7,9.04
21,Albany,US,2022-07-17 16:59:37,42.6001,-73.9662,89.02,49,32,1.01
22,Naze,JP,2022-07-17 16:59:37,28.3667,129.4833,79.72,84,100,16.04
23,Upernavik,GL,2022-07-17 16:59:37,72.7868,-56.1549,41.14,86,61,14.32
24,Butaritari,KI,2022-07-17 16:59:30,3.0707,172.7902,81.66,74,99,10.83
25,Sorong,ID,2022-07-17 16:59:38,-0.8833,131.25,76.44,88,100,7.54
26,Bluff,NZ,2022-07-17 16:59:38,-46.6,168.3333,51.8,68,84,20.09
27,Diego De Almagro,CL,2022-07-17 16:59:38,-26.3667,-70.05,68.34,11,0,4.23
28,Atuona,PF,2022-07-17 16:58:37,-9.8,-139.0333,77.74,78,23,21.3
29,Kupang,ID,2022-07-17 16:59:39,-10.1667,123.5833,71.46,81,0,8.72
30,Pimentel,PE,2022-07-17 16:59:39,-6.8367,-79.9342,70.09,60,0,10.36
31,East London,ZA,2022-07-17 16:59:39,-33.0153,27.9116,68.94,52,0,6.91
32,Harper,LR,2022-07-17 16:59:40,4.375,-7.7169,76.77,77,100,11.03
33,Cayenne,GF,2022-07-17 16:55:39,4.9333,-52.3333,86.09,2,75,6.91
34,Muscat,OM,2022-07-17 16:59:40,23.6139,58.5922,92.84,55,100,4.83
35,Dedovichi,RU,2022-07-17 16:59:40,57.5517,29.9502,57.81,90,88,6.58
36,Bengkulu,ID,2022-07-17 16:59:41,-3.8004,102.2655,76.87,90,71,3.2
37,Sao Raimundo Nonato,BR,2022-07-17 16:59:41,-9.0153,-42.6994,91.13,23,7,9.6
38,Hilo,US,2022-07-17 16:57:09,19.7297,-155.09,84.27,91,100,1.99
39,Rikitea,PF,2022-07-17 16:59:41,-23.1203,-134.9692,73.96,78,100,16.46
40,Kaka,TM,2022-07-17 16:59:42,37.3482,59.6143,92.88,11,0,2.04
41,San Patricio,US,2022-07-17 16:59:42,28.017,-97.5169,93.07,39,78,10.22
42,Maragogi,BR,2022-07-17 16:59:26,-9.0122,-35.2225,77.77,75,16,13.58
43,Faanui,PF,2022-07-17 16:59:42,-16.4833,-151.75,76.08,74,63,18.86
44,Cap Malheureux,MU,2022-07-17 17:00:43,-19.9842,57.6142,69.48,71,39,10.0
45,New Norfolk,AU,2022-07-17 16:59:28,-42.7826,147.0587,38.7,79,91,5.01
46,Aginskoye,RU,2022-07-17 17:00:43,51.1,114.53,60.22,70,100,2.19
47,Bonavista,CA,2022-07-17 17:00:44,48.6499,-53.1147,64.85,65,9,17.58
48,Qaanaaq,GL,2022-07-17 17:00:44,77.484,-69.3632,46.29,58,70,2.93
49,Nome,US,2022-07-17 17:00:44,64.5011,-165.4064,51.17,61,36,5.84
50,Flinders,AU,2022-07-17 17:00:45,-34.5833,150.8552,55.18,66,52,7.0
51,Juba,SS,2022-07-17 17:00:32,4.8517,31.5825,77.72,70,57,3.4
52,Vysokogornyy,RU,2022-07-17 17:00:45,50.1167,139.15,51.19,98,100,3.58
53,Bulgan,MN,2022-07-17 17:00:45,48.8125,103.5347,59.38,64,11,0.87
54,Lavumisa,SZ,2022-07-17 17:00:46,-27.31,31.892,62.82,74,0,2.95
55,Sturgeon Bay,US,2022-07-17 17:00:46,44.8342,-87.377,80.96,54,0,8.05
56,Hermanus,ZA,2022-07-17 16:58:32,-34.4187,19.2345,62.8,79,0,12.55
57,Saint-Louis,SN,2022-07-17 17:00:47,16.3333,-15.0,97.47,31,85,14.56
58,Khatanga,RU,2022-07-17 17:00:47,71.9667,102.5,57.87,63,100,5.75
59,Shelburne,CA,2022-07-17 17:00:20,44.0787,-80.2041,83.23,40,59,9.37
60,Salinas,US,2022-07-17 17:00:47,36.6777,-121.6555,70.61,70,75,4.61
61,Santa Cruz De La Palma,ES,2022-07-17 17:00:48,28.6835,-17.7642,78.13,61,20,17.27
62,Tiksi,RU,2022-07-17 17:00:48,71.6872,128.8694,36.45,80,99,2.8
63,Dana Point,US,2022-07-17 17:00:45,33.467,-117.6981,93.94,80,65,4.0
64,Chulman,RU,2022-07-17 17:00:49,56.8479,124.9104,62.15,91,20,2.3
65,Jamestown,US,2022-07-17 16:59:39,42.097,-79.2353,80.02,69,75,9.22
66,Chokurdakh,RU,2022-07-17 17:00:49,70.6333,147.9167,39.63,60,14,9.1
67,Chapais,CA,2022-07-17 17:00:49,49.7834,-74.8492,75.99,35,74,8.41
68,Northam,GB,2022-07-17 17:00:50,51.0333,-4.2167,85.24,35,99,4.61
69,Dwarka,IN,2022-07-17 17:00:50,22.2394,68.9678,81.93,86,24,21.27
70,Cabo San Lucas,MX,2022-07-17 17:00:03,22.8909,-109.9124,91.62,59,10,4.41
71,San Ignacio,BZ,2022-07-17 17:00:51,17.1561,-89.0714,90.93,43,88,4.83
72,Kitimat,CA,2022-07-17 17:00:51,54.0524,-128.6534,57.9,24,94,1.54
73,Ouadda,CF,2022-07-17 17:00:51,8.0777,22.4007,69.67,95,100,3.94
74,Vao,NC,2022-07-17 17:00:52,-22.6667,167.4833,70.07,74,94,18.95
75,Davila,PH,2022-07-17 17:00:52,18.4726,120.5763,82.51,78,64,3.49
76,Pozo Colorado,PY,2022-07-17 17:00:53,-23.4923,-58.7972,65.08,36,81,4.7
77,Tasiilaq,GL,2022-07-17 17:00:53,65.6145,-37.6368,50.16,78,91,5.99
78,Ahipara,NZ,2022-07-17 17:00:54,-35.1667,173.1667,48.13,84,91,5.28
79,Guerrero Negro,MX,2022-07-17 17:00:54,27.9769,-114.0611,74.55,60,3,9.26
80,Gat,IL,2022-07-17 16:58:27,31.61,34.7642,82.81,100,0,8.41
81,Dunedin,NZ,2022-07-17 17:00:31,-45.8742,170.5036,51.58,73,92,11.52
82,Avarua,CK,2022-07-17 16:59:03,-21.2078,-159.775,71.65,78,40,5.75
83,Hirara,JP,2022-07-17 17:00:55,24.8,125.2833,84.78,88,99,21.83
84,Beringovskiy,RU,2022-07-17 17:00:55,63.05,179.3167,53.02,68,71,30.38
85,Eldama Ravine,KE,2022-07-17 17:00:55,0.0516,35.7308,56.23,96,100,2.98
86,Barrow,US,2022-07-17 17:00:56,71.2906,-156.7887,35.62,93,100,18.41
87,Atbasar,KZ,2022-07-17 16:56:35,51.8,68.3333,73.13,58,78,8.43
88,Wajir,KE,2022-07-17 17:00:56,1.7471,40.0573,79.59,47,53,17.18
89,Thompson,CA,2022-07-17 16:59:04,55.7435,-97.8558,73.56,64,20,5.75
90,Coihaique,CL,2022-07-17 17:00:57,-45.5752,-72.0662,39.11,93,87,6.08
91,Manokwari,ID,2022-07-17 17:01:58,-0.8667,134.0833,74.66,89,100,2.1
92,Kutum,SD,2022-07-17 17:01:58,14.2,24.6667,86.2,34,70,7.38
93,Provideniya,RU,2022-07-17 16:58:25,64.3833,-173.3,50.52,97,100,5.23
94,Mar Del Plata,AR,2022-07-17 17:00:30,-38.0023,-57.5575,59.09,42,4,14.0
95,Asau,RO,2022-07-17 17:00:36,46.4333,26.4,69.28,43,36,9.53
96,Bara,NG,2022-07-17 17:01:58,10.3744,10.7288,71.8,95,100,2.89
97,Yellowknife,CA,2022-07-17 16:57:33,62.456,-114.3525,61.32,88,100,16.11
98,Clyde River,CA,2022-07-17 16:58:47,70.4692,-68.5914,34.03,93,100,9.22
99,Nikolsk,RU,2022-07-17 17:01:59,53.7189,46.0712,67.28,84,51,6.87
100,Mombaca,BR,2022-07-17 17:01:59,-5.7431,-39.6275,93.65,31,61,8.55
101,Airai,TL,2022-07-17 17:01:59,-8.9266,125.4092,53.38,85,35,2.55
102,Anadyr,RU,2022-07-17 17:02:00,64.75,177.4833,46.0,70,35,21.99
103,Mabaruma,GY,2022-07-17 17:02:00,8.2,-59.7833,83.75,78,34,4.81
104,Inowroclaw,PL,2022-07-17 17:01:38,52.7989,18.2639,72.93,82,69,1.99
105,Pangnirtung,CA,2022-07-17 17:02:01,66.1451,-65.7125,50.9,63,58,1.92
106,Oranjemund,NA,2022-07-17 17:02:01,-28.55,16.4333,60.67,68,7,2.28
107,Nemuro,JP,2022-07-17 17:02:01,43.3236,145.575,62.76,100,100,12.24
108,Wanning,CN,2022-07-17 17:02:01,18.8003,110.3967,82.08,92,64,10.33
109,Kodiak,US,2022-07-17 17:02:02,57.79,-152.4072,54.66,75,49,8.25
110,Carson City,US,2022-07-17 17:00:05,39.1638,-119.7674,90.73,24,0,6.91
111,Omsukchan,RU,2022-07-17 16:57:37,62.5333,155.8,52.39,93,100,6.53
112,Gabu,GW,2022-07-17 17:02:02,12.2833,-14.2167,86.49,72,97,7.31
113,Omboue,GA,2022-07-17 17:02:03,-1.5746,9.2618,74.91,74,40,10.29
114,Cape Town,ZA,2022-07-17 17:00:07,-33.9258,18.4232,63.88,82,1,8.99
115,Tigil,RU,2022-07-17 17:02:03,57.8,158.6667,54.05,84,10,11.7
116,Dikson,RU,2022-07-17 17:02:03,73.5069,80.5464,45.48,79,64,8.57
117,Vostok,RU,2022-07-17 16:59:07,46.4856,135.8833,54.21,95,87,3.02
118,Shimoda,JP,2022-07-17 17:02:04,34.6667,138.95,73.11,92,51,12.33
119,Lavrentiya,RU,2022-07-17 17:02:04,65.5833,-171.0,46.44,94,100,9.66
120,Klaksvik,FO,2022-07-17 17:02:05,62.2266,-6.589,50.92,84,78,24.05
121,Ucluelet,CA,2022-07-17 17:02:05,48.9329,-125.5528,60.1,89,76,1.01
122,Labuhan,ID,2022-07-17 17:02:05,-6.8844,112.2051,78.13,84,100,11.27
123,Beloha,MG,2022-07-17 17:02:05,-25.1667,45.05,66.52,70,19,14.99
124,Stromness,GB,2022-07-17 17:02:06,58.965,-3.296,60.76,90,91,4.0
125,Carnarvon,AU,2022-07-17 17:02:06,-24.8667,113.6333,67.23,80,16,11.88
126,Mogadishu,SO,2022-07-17 16:59:38,2.0371,45.3438,76.53,81,26,18.54
127,Vicuna,CL,2022-07-17 17:02:07,-30.0319,-70.7081,63.77,28,8,2.24
128,Codajas,BR,2022-07-17 17:02:07,-3.8367,-62.0569,94.82,41,58,5.41
129,Arraial Do Cabo,BR,2022-07-17 17:02:07,-22.9661,-42.0278,75.58,69,99,15.3
130,Riyadh,SA,2022-07-17 17:01:01,24.6877,46.7219,101.07,11,97,7.05
131,Cockburn Town,TC,2022-07-17 16:58:26,21.4612,-71.1419,87.76,62,40,20.71
132,Liberal,US,2022-07-17 16:59:08,37.0431,-100.921,90.64,23,83,12.3
133,Flin Flon,CA,2022-07-17 16:59:52,54.7682,-101.865,75.04,60,20,8.05
134,Labuan,MY,2022-07-17 17:02:08,5.2767,115.2417,81.95,74,100,4.5
135,Vaini,TO,2022-07-17 17:02:08,-21.2,-175.2,75.76,67,87,21.14
136,Saint George,US,2022-07-17 16:57:22,37.1041,-113.5841,100.8,24,45,5.01
137,Tonantins,BR,2022-07-17 17:02:08,-2.8731,-67.8022,92.34,47,6,5.21
138,Prabumulih,ID,2022-07-17 17:02:09,-3.45,104.25,74.59,97,99,2.91
139,Banepa,NP,2022-07-17 17:02:09,27.6298,85.5214,73.72,83,75,6.91
140,Ulladulla,AU,2022-07-17 17:03:09,-35.35,150.4667,52.2,68,68,9.98
141,Cortez,US,2022-07-17 17:03:10,37.3489,-108.5859,89.69,23,0,4.61
142,Hearst,CA,2022-07-17 17:03:10,49.6835,-83.6665,85.03,33,23,6.04
143,San Jose,US,2022-07-17 17:02:52,37.3394,-121.895,82.92,53,0,0.0
144,Otorohanga,NZ,2022-07-17 17:03:10,-38.1833,175.2,44.33,80,99,1.86
145,Angra Dos Reis,BR,2022-07-17 17:00:10,-23.0067,-44.3181,78.33,61,70,7.67
146,Sabha,LY,2022-07-17 17:03:11,27.0377,14.4283,94.46,10,0,11.01
147,Buldana,IN,2022-07-17 17:03:11,20.5333,76.1833,71.62,97,100,14.88
148,Puerto Ayora,EC,2022-07-17 16:58:36,-0.7393,-90.3518,73.36,90,72,7.0
149,Qiongshan,CN,2022-07-17 17:03:12,20.0058,110.3542,81.88,88,86,8.34
150,Aldergrove,CA,2022-07-17 17:03:12,49.058,-122.4709,61.88,78,100,1.01
151,Quatre Cocos,MU,2022-07-17 16:58:50,-20.2078,57.7625,69.91,65,57,23.26
152,Lac Du Bonnet,CA,2022-07-17 17:00:19,50.2536,-96.0612,85.5,54,2,8.88
153,La Asuncion,VE,2022-07-17 17:03:12,11.0333,-63.8628,82.65,73,80,14.18
154,Olafsvik,IS,2022-07-17 17:01:09,64.8945,-23.7142,51.21,84,66,3.4
155,Ilulissat,GL,2022-07-17 17:03:13,69.2167,-51.1,59.02,38,20,11.5
156,Torbay,CA,2022-07-17 17:02:31,47.6666,-52.7314,76.87,63,78,5.99
157,Tura,IN,2022-07-17 17:03:13,25.5198,90.2201,76.96,91,72,5.32
158,Shwebo,MM,2022-07-17 17:03:13,22.5667,95.7,91.24,50,100,13.31
159,Mayya,RU,2022-07-17 17:03:14,61.7333,130.2811,69.12,69,9,4.23
160,Paamiut,GL,2022-07-17 17:03:14,61.994,-49.6678,41.81,91,100,8.14
161,Cascais,PT,2022-07-17 17:03:14,38.6979,-9.4215,83.97,61,0,11.99
162,Imbituba,BR,2022-07-17 17:03:15,-28.24,-48.6703,66.85,77,100,8.99
163,Hithadhoo,MV,2022-07-17 17:03:15,-0.6,73.0833,77.5,92,100,25.66
164,Cherskiy,RU,2022-07-17 16:58:33,68.75,161.3,34.25,67,66,11.36
165,Terrace,CA,2022-07-17 17:03:15,54.5163,-128.6035,57.92,82,87,1.59
166,San Policarpo,PH,2022-07-17 17:03:16,12.1791,125.5072,80.4,81,100,3.49
167,Takoradi,GH,2022-07-17 16:58:55,4.8845,-1.7554,77.05,76,64,11.7
168,Aswan,EG,2022-07-17 17:03:16,24.0934,32.907,96.26,13,23,10.69
169,Prince Rupert,CA,2022-07-17 16:58:25,54.3161,-130.3201,55.49,88,100,3.44
170,Lorengau,PG,2022-07-17 17:03:16,-2.0226,147.2712,81.21,81,93,9.24
171,Vestmannaeyjar,IS,2022-07-17 17:03:12,63.4427,-20.2734,52.79,87,20,16.11
172,Rancho Palos Verdes,US,2022-07-17 17:03:17,33.7445,-118.387,80.42,86,40,3.0
173,Vlakhopoulon,GR,2022-07-17 17:03:17,37.0333,21.7833,89.51,39,7,5.08
174,Bethel,US,2022-07-17 16:58:35,41.3712,-73.414,85.73,67,34,1.99
175,Mandapam,IN,2022-07-17 17:03:18,9.2833,79.1167,82.47,82,100,12.26
176,Touros,BR,2022-07-17 17:03:18,-5.1989,-35.4608,81.68,70,66,17.94
177,Lompoc,US,2022-07-17 17:03:18,34.6391,-120.4579,83.01,87,0,8.05
178,Burnie,AU,2022-07-17 17:03:19,-41.0667,145.9167,39.94,66,47,15.12
179,Bredasdorp,ZA,2022-07-17 17:03:19,-34.5322,20.0403,56.95,82,0,6.71
180,Hami,CN,2022-07-17 17:03:19,42.8,93.45,83.3,24,9,1.92
181,Abonnema,NG,2022-07-17 17:03:20,4.7084,6.7931,82.36,62,94,6.11
182,Temerloh,MY,2022-07-17 17:03:20,3.4483,102.4176,77.63,90,92,0.43
183,Husavik,IS,2022-07-17 17:03:20,66.0449,-17.3389,46.71,93,100,12.21
184,Souillac,MU,2022-07-17 16:59:42,-20.5167,57.5167,70.18,68,40,18.41
185,Inyonga,TZ,2022-07-17 17:03:20,-6.7167,32.0667,71.02,40,20,7.85
186,Kavaratti,IN,2022-07-17 17:03:21,10.5669,72.642,82.47,77,99,18.1
187,Suamico,US,2022-07-17 17:01:01,44.6319,-88.0393,82.49,61,0,6.91
188,Saldanha,ZA,2022-07-17 17:04:21,-33.0117,17.9442,57.83,93,0,7.2
189,Castro,BR,2022-07-17 17:04:22,-24.7911,-50.0119,69.71,60,100,3.4
190,Marzuq,YE,2022-07-17 17:04:22,14.4,46.4667,88.86,16,96,5.39
191,Port Alfred,ZA,2022-07-17 17:04:22,-33.5906,26.891,67.17,48,3,10.89
192,Ancud,CL,2022-07-17 16:59:27,-41.8697,-73.8203,44.22,86,65,18.39
193,Port Hardy,CA,2022-07-17 17:04:23,50.6996,-127.4199,55.58,94,100,6.91
194,Bambous Virieux,MU,2022-07-17 17:04:23,-20.3428,57.7575,69.22,65,55,23.26
195,Farkhor,TJ,2022-07-17 17:04:23,37.4922,69.4036,91.74,14,0,2.46
196,Kaitangata,NZ,2022-07-17 17:04:23,-46.2817,169.8464,42.55,89,89,3.71
197,Kalianget,ID,2022-07-17 17:04:24,-7.05,113.9333,79.25,80,36,10.13
198,Norman Wells,CA,2022-07-17 17:04:24,65.282,-126.8329,65.7,69,93,2.33
199,Sasina,BA,2022-07-17 17:04:24,44.7987,16.739,80.58,41,0,6.13
200,Ihosy,MG,2022-07-17 17:04:25,-22.4,46.1167,56.62,84,18,13.15
201,Ribeira Grande,PT,2022-07-17 16:59:49,38.5167,-28.7,77.4,73,20,12.66
202,Proletarsk,RU,2022-07-17 17:04:25,46.7031,41.7192,81.72,43,79,2.59
203,Buraydah,SA,2022-07-17 17:04:25,26.326,43.975,95.99,9,77,8.48
204,Nizhniy Tsasuchey,RU,2022-07-17 17:04:26,50.5167,115.1333,61.66,81,100,0.47
205,Noshiro,JP,2022-07-17 17:04:26,40.2039,140.0242,69.31,95,46,6.13
206,Vanimo,PG,2022-07-17 17:01:19,-2.6741,141.3028,75.61,89,100,3.31
207,Makat,KZ,2022-07-17 17:04:26,47.6469,53.3463,96.91,20,3,13.91
208,Nanortalik,GL,2022-07-17 17:04:27,60.1432,-45.2371,43.81,80,59,12.21
209,Praia,CV,2022-07-17 17:00:00,14.9215,-23.5087,82.94,65,20,16.11
210,Kintinku,TZ,2022-07-17 17:04:27,-5.8833,35.2333,74.79,41,75,12.62
211,Longyearbyen,SJ,2022-07-17 17:01:34,78.2186,15.6401,49.84,76,75,3.44
212,Alice Springs,AU,2022-07-17 17:00:13,-23.7,133.8833,38.75,35,0,0.0
213,Charlestown,AU,2022-07-17 17:04:27,-32.95,151.6667,57.72,69,0,3.0
214,Zhangye,CN,2022-07-17 17:04:28,38.9342,100.4517,75.31,30,96,4.07
215,Nicolas Bravo,MX,2022-07-17 17:04:28,18.45,-88.9167,90.43,45,39,5.12
216,Semirom,IR,2022-07-17 17:04:28,31.4167,51.5667,70.77,12,0,11.18
217,Mount Gambier,AU,2022-07-17 17:04:29,-37.8333,140.7667,46.29,77,91,9.42
218,Sendai,JP,2022-07-17 17:00:16,38.2689,140.8719,70.34,91,1,4.43
219,Oum Hadjer,TD,2022-07-17 17:04:29,13.2954,19.6966,82.6,61,82,13.62
220,Amahai,ID,2022-07-17 17:04:29,-3.3333,128.9167,76.91,91,99,8.08
221,Rabat,MA,2022-07-17 17:02:29,33.9911,-6.8401,77.07,73,40,6.91
222,Pacific Grove,US,2022-07-17 17:01:21,36.6177,-121.9166,67.8,91,75,8.01
223,Male,MV,2022-07-17 17:04:30,4.1748,73.5089,82.76,78,100,17.2
224,Shache,CN,2022-07-17 17:04:30,38.4167,77.2406,81.72,16,0,5.32
225,Geraldton,AU,2022-07-17 17:04:30,-28.7667,114.6,54.01,100,40,8.05
226,Nouakchott,MR,2022-07-17 17:03:15,18.0858,-15.9785,80.53,77,22,17.29
227,Neryungri,RU,2022-07-17 17:04:31,56.6709,124.6491,61.05,89,1,1.77
228,Sao Miguel Do Araguaia,BR,2022-07-17 17:04:31,-13.275,-50.1628,95.07,17,17,6.87
229,Moose Factory,CA,2022-07-17 17:04:31,51.2585,-80.6094,88.77,28,68,10.94
230,Andra,RU,2022-07-17 17:04:32,62.5147,65.8878,63.5,55,1,3.76
231,Volokonovka,RU,2022-07-17 17:02:37,50.4827,37.8563,61.23,80,74,8.37
232,Vila Franca Do Campo,PT,2022-07-17 17:04:32,37.7167,-25.4333,72.01,69,50,6.06
233,Lebu,CL,2022-07-17 17:05:32,-37.6167,-73.65,50.13,86,100,9.53
234,Severo-Kurilsk,RU,2022-07-17 17:05:33,50.6789,156.125,53.55,96,100,1.54
235,Salon-De-Provence,FR,2022-07-17 17:05:33,43.6407,5.0954,94.44,51,0,11.5
236,Mbanza-Ngungu,CD,2022-07-17 17:05:33,-5.25,14.8667,78.51,48,33,6.29
237,Wenling,CN,2022-07-17 17:05:33,28.3669,121.36,79.56,95,100,11.52
238,Sakakah,SA,2022-07-17 17:05:34,29.9697,40.2064,100.13,11,1,7.27
239,Rypefjord,NO,2022-07-17 17:05:34,70.6333,23.6667,48.67,100,75,11.5
240,Abilene,US,2022-07-17 17:02:59,32.4487,-99.7331,98.08,27,0,6.91
241,Yanam,IN,2022-07-17 17:05:34,16.7333,82.2167,77.04,93,100,4.41
242,West Richland,US,2022-07-17 17:05:35,46.3043,-119.3614,76.91,44,0,10.0
243,Banda Aceh,ID,2022-07-17 17:05:35,5.5577,95.3222,80.06,81,81,4.56
244,Sitka,US,2022-07-17 17:00:59,57.0531,-135.33,54.68,97,100,7.63
245,Coahuayana,MX,2022-07-17 17:05:35,18.7333,-103.6833,88.65,56,100,0.65
246,Baghdad,IQ,2022-07-17 17:05:36,33.3406,44.4009,102.11,14,0,10.36
247,Albion,US,2022-07-17 17:05:36,42.2431,-84.753,77.7,82,75,5.75
248,Saint-Joseph,RE,2022-07-17 17:05:36,-21.3667,55.6167,68.38,77,65,17.09
249,El Cobre,CU,2022-07-17 17:05:37,20.0489,-75.9469,90.84,55,40,9.22
250,Fethiye,TR,2022-07-17 17:05:37,36.6217,29.1164,87.67,44,0,3.62
251,Constitucion,CL,2022-07-17 17:05:37,-35.3333,-72.4167,48.15,91,100,14.56
252,Talnakh,RU,2022-07-17 17:05:38,69.4865,88.3972,60.08,63,100,4.14
253,Baculin,PH,2022-07-17 17:05:38,7.4525,126.5842,78.1,84,100,4.41
254,Hastings,GB,2022-07-17 17:05:38,50.8552,0.5729,84.88,40,91,9.35
255,Vila Do Maio,CV,2022-07-17 17:05:39,15.1333,-23.2167,75.31,82,38,21.52
256,Matara,LK,2022-07-17 17:05:39,5.9485,80.5353,79.16,86,100,9.33
257,Ixtapa,MX,2022-07-17 17:05:35,20.7,-105.2,83.23,78,75,3.44
258,Senno,RU,2022-07-17 17:05:39,59.5336,33.9167,61.39,64,97,4.43
259,Mahibadhoo,MV,2022-07-17 17:05:40,3.7833,72.9667,82.18,80,99,16.84
260,Gamba,GA,2022-07-17 17:05:40,-2.65,10.0,73.35,76,15,9.57
261,Rio Verde De Mato Grosso,BR,2022-07-17 17:05:40,-18.9181,-54.8442,87.31,37,67,0.74
262,Esperance,AU,2022-07-17 17:05:35,-33.8667,121.9,54.64,78,100,12.44
263,Laguna,US,2022-07-17 17:05:18,38.421,-121.4238,96.96,47,0,8.05
264,Luderitz,NA,2022-07-17 17:05:32,-26.6481,15.1594,67.89,42,10,4.83
265,Pershotravneve,UA,2022-07-17 17:05:41,51.3929,28.8684,56.98,84,70,8.72
266,Hare Bay,CA,2022-07-17 17:05:41,48.8499,-54.0148,81.19,35,26,12.41
267,Yeppoon,AU,2022-07-17 17:05:42,-23.1333,150.7333,53.38,90,76,5.23
268,Sept-Iles,CA,2022-07-17 17:05:42,50.2001,-66.3821,69.06,67,51,7.0
269,Baymak,RU,2022-07-17 17:05:42,52.5933,58.3225,70.02,66,93,4.92
270,Acajutla,SV,2022-07-17 17:05:42,13.5928,-89.8275,85.68,56,99,4.59
271,Saint-Pierre,RE,2022-07-17 17:05:38,-21.3393,55.4781,69.91,73,75,19.57
272,Caravelas,BR,2022-07-17 17:05:29,-17.7125,-39.2481,79.56,56,3,7.63
273,Najran,SA,2022-07-17 17:05:43,17.4924,44.1277,88.07,23,87,12.71
274,Puerto Escondido,MX,2022-07-17 17:05:43,15.85,-97.0667,86.83,62,100,4.61
275,Port Elizabeth,ZA,2022-07-17 17:05:43,-33.918,25.5701,77.09,43,1,1.99
276,Tuktoyaktuk,CA,2022-07-17 17:05:44,69.4541,-133.0374,55.4,88,75,3.44
277,Dzaoudzi,YT,2022-07-17 17:05:44,-12.7887,45.2699,75.09,83,75,13.8
278,Victoria,HK,2022-07-17 17:02:43,22.2855,114.1577,87.19,82,100,11.99
279,Rionegro,CO,2022-07-17 17:04:52,6.1552,-75.3737,71.46,69,75,6.91
280,Saskylakh,RU,2022-07-17 17:06:45,71.9167,114.0833,47.71,59,88,6.55
281,Hovd,MN,2022-07-17 17:06:45,48.0056,91.6419,68.9,36,83,10.07
282,Dalvik,IS,2022-07-17 17:03:36,65.9702,-18.5286,46.78,96,100,6.98
283,Arlit,NE,2022-07-17 17:06:45,18.7369,7.3853,95.83,28,34,17.74
284,Broken Hill,AU,2022-07-17 17:06:46,-31.95,141.4333,42.93,92,5,8.28
285,Gondar,ET,2022-07-17 17:06:46,12.6,37.4667,58.55,88,100,5.97
286,Vestmanna,FO,2022-07-17 17:06:46,62.1564,-7.1664,49.12,93,100,10.36
287,Kourou,GF,2022-07-17 17:06:47,5.1552,-52.6478,86.11,63,56,6.13
288,Chatrapur,IN,2022-07-17 17:06:47,19.35,84.9833,79.72,87,83,15.46
289,Maningrida,AU,2022-07-17 17:06:47,-12.0667,134.2667,63.16,95,100,7.67
290,Kununurra,AU,2022-07-17 17:06:46,-15.7667,128.7333,51.78,76,23,0.0
291,Betzdorf,DE,2022-07-17 17:06:48,50.7833,7.8833,84.42,30,0,5.75
292,Maldonado,UY,2022-07-17 17:06:48,-34.6667,-54.9167,52.99,54,0,16.71
293,Thayetmyo,MM,2022-07-17 17:06:48,19.3167,95.1833,78.67,93,74,4.07
294,Sayyan,YE,2022-07-17 17:06:49,15.1718,44.3244,69.06,38,100,6.93
295,Port Blair,IN,2022-07-17 17:06:48,11.6667,92.75,81.41,84,100,10.09
296,Mazamitla,MX,2022-07-17 17:06:49,19.9167,-103.0333,64.81,73,86,2.62
297,Fallon,US,2022-07-17 17:06:49,39.4735,-118.7774,93.92,15,0,5.75
298,Kenai,US,2022-07-17 17:06:49,60.5544,-151.2583,54.14,98,100,5.75
299,Qaqortoq,GL,2022-07-17 17:06:50,60.7167,-46.0333,46.63,75,8,10.02
300,Verkhoyansk,RU,2022-07-17 17:06:50,67.5447,133.385,54.59,71,99,2.01
301,Tartagal,AR,2022-07-17 17:06:50,-22.5164,-63.8013,63.7,30,0,6.2
302,Mayo,US,2022-07-17 17:06:51,38.8876,-76.5119,87.67,78,0,8.05
303,Delvada,IN,2022-07-17 17:06:51,20.7667,71.0333,80.94,87,80,16.91
304,Vilyuysk,RU,2022-07-17 17:06:51,63.7553,121.6247,61.43,98,74,4.32
305,Padang,ID,2022-07-17 17:06:52,-0.9492,100.3543,73.45,81,86,3.27
306,Iskateley,RU,2022-07-17 17:06:52,67.6803,53.1512,64.11,79,100,8.14
307,Marietta,US,2022-07-17 17:05:56,33.9526,-84.5499,91.65,61,75,5.75
308,Keroka,KE,2022-07-17 17:06:52,-0.7758,34.9453,55.78,95,93,3.58
309,Mahebourg,MU,2022-07-17 17:06:52,-20.4081,57.7,69.26,65,50,23.33
310,Tazovskiy,RU,2022-07-17 17:06:53,67.4667,78.7,58.55,64,99,1.5
311,Iqaluit,CA,2022-07-17 17:06:53,63.7506,-68.5145,47.7,93,100,3.0
312,Haines Junction,CA,2022-07-17 17:06:53,60.7522,-137.5108,52.81,73,100,7.78
313,Butte,US,2022-07-17 17:03:31,39.6499,-121.5677,87.03,32,0,0.0
314,Adrar,MR,2022-07-17 17:06:54,20.5022,-10.0711,111.52,7,10,13.31
315,Cidreira,BR,2022-07-17 17:06:54,-30.1811,-50.2056,57.34,61,9,13.76
316,Pag,HR,2022-07-17 17:06:54,44.445,15.0575,91.98,48,1,10.33
317,Medicine Hat,CA,2022-07-17 17:02:31,50.0501,-110.6683,79.21,52,11,1.01
318,Betong,TH,2022-07-17 17:06:55,5.7743,101.0723,72.93,99,85,1.07
319,Faya,SA,2022-07-17 17:06:55,18.3851,42.4509,70.32,34,84,5.86
320,Tuatapere,NZ,2022-07-17 17:06:55,-46.1333,167.6833,55.13,62,58,11.83
321,Lasa,IT,2022-07-17 17:06:56,46.6166,10.7002,83.7,53,18,0.36
322,Khani,GE,2022-07-17 17:06:56,41.9563,42.9566,65.77,99,84,3.09
323,Kawalu,ID,2022-07-17 17:07:56,-7.3817,108.2082,72.3,98,100,2.26
324,Bathsheba,BB,2022-07-17 17:07:56,13.2167,-59.5167,88.41,75,20,25.32
325,Hasaki,JP,2022-07-17 17:07:57,35.7333,140.8333,77.29,92,45,10.45
326,Lubango,AO,2022-07-17 17:07:57,-14.9172,13.4925,62.13,32,4,5.01
327,Halifax,CA,2022-07-17 17:03:59,44.6453,-63.5724,77.52,59,91,7.0
328,Ithaca,US,2022-07-17 17:04:09,42.4406,-76.4966,89.31,44,40,9.22
329,Gargzdai,LT,2022-07-17 17:07:57,55.7128,21.4033,62.38,72,63,10.96
330,Sovetskiy,RU,2022-07-17 17:07:58,61.3614,63.5842,63.91,75,100,5.84
331,La Paz,BO,2022-07-17 17:07:36,-16.5,-68.15,62.58,23,20,13.8
332,Sampit,ID,2022-07-17 17:07:58,-2.5333,112.95,71.24,94,100,2.98
333,Namibe,AO,2022-07-17 17:07:59,-15.1961,12.1522,66.67,78,5,7.49
334,Wencheng,CN,2022-07-17 17:07:59,33.0559,113.7978,80.89,68,24,2.71
335,Immokalee,US,2022-07-17 17:07:59,26.4187,-81.4173,80.58,78,75,11.5
336,Churapcha,RU,2022-07-17 17:07:59,62.0025,132.4325,69.17,71,42,3.89
337,Sagbayan,PH,2022-07-17 17:08:00,9.9144,124.0919,77.54,88,100,4.56
338,Ceyhan,TR,2022-07-17 17:08:00,37.0247,35.8175,86.34,56,0,9.31
339,Hailar,CN,2022-07-17 17:08:00,49.2,119.7,62.46,88,47,0.98
340,Baiyin,CN,2022-07-17 17:08:01,36.5583,104.2081,66.42,46,100,10.51
341,Sucua,EC,2022-07-17 17:08:01,-2.4667,-78.1667,72.34,88,100,9.22
342,Kargasok,RU,2022-07-17 17:08:01,59.0556,80.8572,53.1,92,53,8.12
343,Paramonga,PE,2022-07-17 17:08:02,-10.6667,-77.8333,66.2,71,34,9.01
344,Gobabis,NA,2022-07-17 17:08:02,-22.45,18.9667,57.15,32,0,11.39
345,Aklavik,CA,2022-07-17 17:08:02,68.2191,-135.0107,55.4,100,75,4.61
346,Ivdel,RU,2022-07-17 17:08:03,60.6911,60.4206,62.15,95,99,2.8
347,Melfi,IT,2022-07-17 17:08:03,40.9965,15.6514,84.13,35,61,6.93
348,Durusu,TR,2022-07-17 17:08:03,41.3053,28.6767,80.78,81,0,13.0
349,Kahului,US,2022-07-17 17:08:04,20.8947,-156.47,80.62,68,20,8.01
350,Pevek,RU,2022-07-17 17:05:41,69.7008,170.3133,30.6,96,100,33.89
351,Los Llanos De Aridane,ES,2022-07-17 17:06:26,28.6585,-17.9182,74.12,77,20,17.27
352,Sangar,RU,2022-07-17 17:08:04,63.9242,127.4739,66.02,97,99,4.45
353,Calderitas,MX,2022-07-17 17:08:05,18.55,-88.25,87.91,62,40,0.0
354,Pangai,TO,2022-07-17 17:08:05,-19.8,-174.35,77.27,75,54,24.09
355,Carutapera,BR,2022-07-17 17:03:25,-1.195,-46.02,87.21,59,42,9.48
356,Fort Nelson,CA,2022-07-17 17:07:57,58.8053,-122.7002,70.61,48,62,2.66
357,Karratha,AU,2022-07-17 17:08:05,-20.7377,116.8463,66.24,64,1,6.15
358,Mtinko,TZ,2022-07-17 17:08:06,-4.55,34.85,64.72,55,65,10.94
359,Partestii De Jos,RO,2022-07-17 17:08:06,47.6333,25.9667,69.76,46,61,12.21
360,Port Lincoln,AU,2022-07-17 17:08:06,-34.7333,135.8667,53.78,52,99,8.97
361,Vila Velha,BR,2022-07-17 17:05:29,-20.3297,-40.2925,85.95,61,20,11.99
362,Borba,BR,2022-07-17 17:08:07,-4.3878,-59.5939,95.45,39,53,4.97
363,Beyneu,KZ,2022-07-17 17:08:07,45.3167,55.2,99.63,14,0,14.81
364,Mandurah,AU,2022-07-17 17:08:07,-32.55,115.7,57.9,84,69,4.72
365,Arman,RU,2022-07-17 17:08:08,59.7,150.1667,57.02,95,14,2.91
366,Ostrzeszow,PL,2022-07-17 17:08:08,51.4264,17.9336,69.21,35,73,9.64
367,Grand Gaube,MU,2022-07-17 17:08:08,-20.0064,57.6608,69.39,70,45,8.99
368,Xudat,AZ,2022-07-17 17:09:09,41.631,48.681,81.1,52,0,4.36
369,Ostrovnoy,RU,2022-07-17 17:09:09,68.0531,39.5131,63.14,62,43,13.76
370,Goundam,ML,2022-07-17 17:09:09,16.4145,-3.6708,94.78,37,42,9.48
371,Pueblo Nuevo,MX,2022-07-17 17:09:10,23.3833,-105.3833,66.88,71,90,2.08
372,Kavieng,PG,2022-07-17 17:09:10,-2.5744,150.7967,81.79,80,77,15.37
373,Bonthe,SL,2022-07-17 17:09:10,7.5264,-12.505,76.95,90,92,9.91
374,Solnechnyy,RU,2022-07-17 17:09:11,50.7214,136.6319,60.24,71,90,3.47
375,Dingle,PH,2022-07-17 17:06:31,10.9995,122.6711,75.11,94,100,2.82
376,Biak,ID,2022-07-17 17:08:15,-0.9131,122.8766,74.84,85,98,5.32
377,Turiacu,BR,2022-07-17 17:09:11,-1.6633,-45.3717,86.52,59,64,6.17
378,Kita,ML,2022-07-17 17:09:11,13.0349,-9.4895,90.97,48,68,4.43
379,Forrest City,US,2022-07-17 17:09:02,35.0081,-90.7898,86.81,56,100,6.62
380,Tahe,CN,2022-07-17 17:09:12,52.3333,124.7333,62.38,97,36,1.45
381,Pedernales,DO,2022-07-17 17:09:12,18.0384,-71.744,90.55,50,3,8.34
382,Finnsnes,NO,2022-07-17 17:09:12,69.2296,17.9811,51.76,86,100,3.2
383,Togur,RU,2022-07-17 17:09:13,58.3631,82.8265,55.49,84,88,6.6
384,Rolla,US,2022-07-17 17:09:13,37.9514,-91.7713,78.06,86,40,3.44
385,Ayan,RU,2022-07-17 17:09:13,56.45,138.1667,57.13,95,99,9.51
386,Viedma,AR,2022-07-17 17:09:14,-40.8135,-62.9967,54.52,36,41,27.69
387,Jalu,LY,2022-07-17 17:09:14,29.0331,21.5482,96.12,16,0,13.2
388,Barcelona,ES,2022-07-17 17:09:14,41.3888,2.159,96.15,53,20,9.22
389,Abay,KZ,2022-07-17 17:09:15,49.6311,72.8539,66.58,49,50,11.03
390,Aksarka,RU,2022-07-17 17:09:15,66.5606,67.7975,63.39,56,26,1.61
391,Nouadhibou,MR,2022-07-17 17:08:33,20.931,-17.0347,69.85,85,4,32.19
392,Mangan,IN,2022-07-17 17:09:15,27.5167,88.5333,78.39,91,98,0.22
393,Ramshir,IR,2022-07-17 17:07:18,30.8946,49.4092,110.52,6,0,7.49
394,Half Moon Bay,US,2022-07-17 17:09:16,37.4636,-122.4286,79.88,73,75,13.8
395,Valparaiso,CL,2022-07-17 17:09:16,-33.0393,-71.6273,58.64,58,0,10.36
396,Chake Chake,TZ,2022-07-17 17:09:17,-5.2459,39.7666,74.7,79,44,14.79
397,Kushima,JP,2022-07-17 17:09:17,31.4583,131.2333,75.11,81,100,4.59
398,Broome,US,2022-07-17 17:09:17,42.2506,-75.833,88.18,54,0,6.91
399,Belaya Gora,RU,2022-07-17 17:09:17,68.5333,146.4167,44.69,64,7,3.89
400,Roccastrada,IT,2022-07-17 17:09:18,43.0099,11.1665,91.58,35,0,6.33
401,Waihi Beach,NZ,2022-07-17 17:09:18,-37.4,175.9333,43.83,94,95,4.0
402,Nazca,PE,2022-07-17 17:09:19,-14.8333,-74.95,74.62,39,5,5.95
403,Maniitsoq,GL,2022-07-17 17:09:19,65.4167,-52.9,42.64,93,100,15.17
404,Chingirlau,KZ,2022-07-17 17:09:19,51.095,54.0814,75.13,58,72,13.67
405,Raudeberg,NO,2022-07-17 17:09:20,61.9875,5.1352,57.87,88,79,21.77
406,Praia Da Vitoria,PT,2022-07-17 17:06:20,38.7333,-27.0667,72.54,80,20,13.04
407,Chara,RU,2022-07-17 17:09:20,56.9064,118.2631,60.58,92,98,2.8
408,Xucheng,CN,2022-07-17 17:09:20,20.35,110.1288,81.55,87,97,5.17
409,Kobylka,PL,2022-07-17 17:09:21,52.3395,21.1959,71.91,56,74,4.21
410,Boulder City,US,2022-07-17 17:06:58,35.9786,-114.8325,97.77,19,72,10.33
411,Ambanja,MG,2022-07-17 17:09:21,-13.6833,48.45,71.33,83,71,0.36
412,Sola,VU,2022-07-17 17:05:28,-13.8833,167.55,80.69,76,88,24.65
413,Port Hedland,AU,2022-07-17 17:10:22,-20.3167,118.5667,55.45,67,0,0.0
414,Caracuaro,MX,2022-07-17 17:10:22,19.0106,-101.1264,81.5,70,100,2.8
415,Nelson Bay,AU,2022-07-17 17:10:22,-32.7167,152.15,57.99,77,0,5.99
416,Santa Maria,BR,2022-07-17 17:10:23,-29.6842,-53.8069,53.47,69,73,5.66
417,Camacha,PT,2022-07-17 17:10:23,33.0833,-16.3333,71.02,68,20,16.11
418,Langen,DE,2022-07-17 17:10:23,49.9933,8.6728,85.91,20,0,8.05
419,Risor,NO,2022-07-17 17:10:24,58.7206,9.2342,73.29,58,91,14.88
420,Nairobi,KE,2022-07-17 17:06:36,-1.2833,36.8167,63.72,68,75,5.75
421,Grakhovo,RU,2022-07-17 17:10:24,56.0502,51.9676,65.8,89,100,4.0
422,Moron,AR,2022-07-17 17:10:24,-34.6534,-58.6198,56.95,54,0,11.05
423,Kirakira,SB,2022-07-17 17:10:24,-10.4544,161.9205,79.5,82,20,10.85
424,Smithers,CA,2022-07-17 17:10:25,54.7804,-127.1743,62.69,59,45,1.83
425,Roma,US,2022-07-17 17:10:25,43.2128,-75.4557,88.36,48,0,0.0
426,Tautira,PF,2022-07-17 17:10:25,-17.7333,-149.15,74.73,72,64,15.37
427,Sao Felix Do Xingu,BR,2022-07-17 17:10:26,-6.6447,-51.995,96.64,23,6,4.99
428,Hobyo,SO,2022-07-17 17:07:06,5.3505,48.5268,77.31,77,47,31.56
429,Conceicao Do Araguaia,BR,2022-07-17 17:10:26,-8.2578,-49.2647,97.61,19,2,7.11
430,Saint Anthony,US,2022-07-17 17:10:26,45.0205,-93.218,87.93,53,20,9.22
431,Yagodnoye,RU,2022-07-17 17:10:27,62.55,149.6667,56.03,94,100,5.37
432,Villazon,BO,2022-07-17 17:10:27,-22.0866,-65.5942,54.37,4,0,5.93
433,Ilula,TZ,2022-07-17 17:10:27,-7.6766,36.0366,55.85,79,16,6.42
434,Mehamn,NO,2022-07-17 17:10:27,71.0357,27.8492,55.35,76,20,6.91
435,Kamina,CD,2022-07-17 17:10:28,-8.7386,24.9906,69.57,35,26,5.55
436,Samana,DO,2022-07-17 17:10:28,19.2056,-69.3369,88.02,74,20,13.8
437,Izobilnyy,RU,2022-07-17 17:10:28,45.3741,41.7121,81.72,60,38,5.57
438,Vyborg,RU,2022-07-17 17:10:29,60.7076,28.7528,60.13,88,96,9.28
439,Muroto,JP,2022-07-17 17:05:42,33.2833,134.15,78.28,83,100,8.3
440,Dakar,SN,2022-07-17 17:09:16,14.6937,-17.4441,86.88,74,79,16.49
441,Puerto Gaitan,CO,2022-07-17 17:10:29,4.3133,-72.0816,82.56,74,92,5.41
442,Deniliquin,AU,2022-07-17 17:10:29,-35.5333,144.9667,39.06,96,5,7.34
443,Katherine,AU,2022-07-17 17:10:30,-14.4667,132.2667,66.52,72,39,6.91
444,Samarai,PG,2022-07-17 17:10:30,-10.6167,150.6667,78.96,84,37,8.95
445,Hamilton,US,2022-07-17 17:07:09,39.1834,-84.5333,76.05,94,40,12.66
446,Deputatskiy,RU,2022-07-17 17:10:30,69.3,139.9,41.27,77,95,1.59
447,Vryburg,ZA,2022-07-17 17:10:31,-26.9566,24.7284,57.34,37,0,6.69
448,Ngaoundere,CM,2022-07-17 17:10:31,7.3167,13.5833,66.74,94,99,4.12
449,Mastung,PK,2022-07-17 17:10:31,29.7994,66.845,74.86,60,93,12.48
450,Penzance,GB,2022-07-17 17:10:31,50.1186,-5.5371,75.88,61,100,10.33
451,Douglas,US,2022-07-17 17:10:32,41.3,-96.167,83.39,68,75,6.91
452,Korla,CN,2022-07-17 17:10:32,41.7597,86.1469,80.35,27,49,5.26
453,Middelburg,ZA,2022-07-17 17:10:32,-25.7751,29.4648,55.67,38,0,4.94
454,College,US,2022-07-17 17:10:33,64.8569,-147.8028,58.59,79,100,4.61
455,Sao Filipe,CV,2022-07-17 17:10:33,14.8961,-24.4956,76.24,79,25,15.86
456,Portland,US,2022-07-17 17:08:43,45.5234,-122.6762,70.0,59,75,8.05
457,Piacabucu,BR,2022-07-17 17:10:33,-10.4056,-36.4344,79.21,60,10,10.63
458,Mwinilunga,ZM,2022-07-17 17:10:34,-11.7358,24.4293,61.48,40,8,5.21
459,Monte Plata,DO,2022-07-17 17:10:34,18.807,-69.784,91.06,54,40,6.73
460,Isangel,VU,2022-07-17 17:10:34,-19.55,169.2667,73.89,85,80,15.21
461,Karasjok,NO,2022-07-17 17:11:35,69.4719,25.5112,51.62,83,100,4.32
462,Le Mans,FR,2022-07-17 17:11:35,48.0,0.2,91.33,22,0,10.36
463,San Quintin,MX,2022-07-17 17:11:35,30.4833,-115.95,73.02,70,17,7.61
464,Barra Patuca,HN,2022-07-17 17:11:36,15.8,-84.2833,83.44,77,79,10.04
465,Miri,MY,2022-07-17 17:11:36,4.4148,114.0089,78.08,85,100,3.6
466,Comodoro Rivadavia,AR,2022-07-17 17:08:00,-45.8667,-67.5,48.06,46,0,24.16
467,Oistins,BB,2022-07-17 17:11:36,13.0667,-59.5333,87.89,62,20,25.32
468,Leningradskiy,RU,2022-07-17 17:11:36,69.3833,178.4167,30.92,81,66,21.36
469,Tulum,MX,2022-07-17 17:11:37,20.2167,-87.4667,87.44,58,20,6.73
470,Erenhot,CN,2022-07-17 17:11:37,43.6475,111.9767,72.52,25,85,6.82
471,Inongo,CD,2022-07-17 17:11:37,-1.95,18.2667,74.73,67,92,4.9
472,Gurlan,UZ,2022-07-17 17:11:38,41.8447,60.3919,89.67,13,0,12.01
473,Mount Isa,AU,2022-07-17 17:11:38,-20.7333,139.5,51.57,76,2,0.0
474,Rawson,AR,2022-07-17 17:10:48,-43.3002,-65.1023,49.86,46,83,20.96
475,Kinkala,CG,2022-07-17 17:11:38,-4.3614,14.7644,80.1,50,9,5.21
476,Waddan,LY,2022-07-17 17:06:59,29.1614,16.139,92.03,16,0,13.02
477,Sfantu Gheorghe,RO,2022-07-17 17:11:39,45.8667,25.7833,73.92,25,1,6.35
478,Katobu,ID,2022-07-17 17:08:32,-4.9408,122.5276,73.99,92,89,4.23
479,Maraa,BR,2022-07-17 17:11:39,-1.8333,-65.3667,92.01,46,32,4.99
480,Surt,LY,2022-07-17 17:11:39,31.2089,16.5887,80.92,60,0,13.51
481,Brae,GB,2022-07-17 17:11:40,60.3964,-1.353,55.72,79,95,12.93
482,Panaba,MX,2022-07-17 17:11:40,21.2833,-88.2667,94.35,40,8,2.66
483,Parabel,RU,2022-07-17 17:11:40,58.6978,81.4825,53.28,92,76,7.14
484,Leshukonskoye,RU,2022-07-17 17:11:40,64.8989,45.7622,65.91,59,100,3.58
485,Alekseyevka,RU,2022-07-17 17:11:41,50.6309,38.6903,62.64,76,78,10.51
486,Egvekinot,RU,2022-07-17 17:11:41,66.3167,-179.1667,38.23,49,88,15.79
487,Tarbes,FR,2022-07-17 17:11:41,43.25,0.1667,99.07,18,0,6.91
488,Alpena,US,2022-07-17 17:11:42,45.0617,-83.4327,76.17,72,0,5.75
489,Sioux Lookout,CA,2022-07-17 17:11:42,50.1001,-91.917,83.19,38,0,7.67
490,Gondanglegi,ID,2022-07-17 17:11:42,-7.7479,112.0132,73.35,85,100,6.35
491,Kasangulu,CD,2022-07-17 17:11:43,-4.5911,15.1708,84.31,42,28,6.42
492,Okhotsk,RU,2022-07-17 17:11:43,59.3833,143.3,53.11,97,13,1.9
493,Sorland,NO,2022-07-17 17:11:43,67.667,12.6934,53.46,77,80,13.78
494,Nicoya,CR,2022-07-17 17:11:43,10.1483,-85.452,84.83,66,8,4.63
495,Trujillo,PE,2022-07-17 17:11:44,-8.116,-79.03,62.56,77,40,11.5
496,Beya,RU,2022-07-17 17:11:44,53.0533,90.9139,59.02,96,100,7.81
497,Abbeville,FR,2022-07-17 17:07:30,50.1,1.8333,93.25,16,72,8.55
498,Seoul,KR,2022-07-17 17:11:44,37.5683,126.9778,74.64,77,13,2.24
499,Gouvy,BE,2022-07-17 17:11:45,50.186,5.9392,83.98,43,41,6.71
500,Aykhal,RU,2022-07-17 17:10:51,66.0,111.5,49.1,97,100,3.04
501,Deloraine,AU,2022-07-17 17:11:45,-41.5333,146.6667,39.99,78,63,1.01
502,Vardo,NO,2022-07-17 17:11:45,70.3705,31.1107,57.18,82,0,8.05
503,Ponta Delgada,PT,2022-07-17 17:11:46,37.7333,-25.6667,72.32,88,75,16.11
504,High Level,CA,2022-07-17 17:11:46,58.5169,-117.136,73.33,45,89,6.11
505,La Romana,DO,2022-07-17 17:07:41,18.4273,-68.9728,89.96,55,75,13.8
506,Amapa,BR,2022-07-17 17:11:46,1.0,-52.0,90.82,46,27,4.38
507,Daitari,IN,2022-07-17 17:11:47,21.1,85.75,75.15,94,38,5.77
508,Kantang,TH,2022-07-17 17:11:47,7.4054,99.5156,77.65,88,11,2.08
509,Chipinge,ZW,2022-07-17 17:10:35,-20.1883,32.6236,56.17,72,94,3.11
510,Urucara,BR,2022-07-17 17:11:12,-2.5364,-57.76,94.01,40,62,6.26
511,Yumen,CN,2022-07-17 17:12:47,40.2833,97.2,77.61,35,98,11.56
512,Byron Bay,AU,2022-07-17 17:12:48,-28.65,153.6167,58.95,75,36,10.56
513,Dawson Creek,CA,2022-07-17 17:12:48,55.7666,-120.2362,67.48,46,1,7.92
514,Yelizovo,RU,2022-07-17 17:12:48,53.1873,158.3805,53.11,100,22,4.0
515,Chuy,UY,2022-07-17 17:12:49,-33.6971,-53.4616,51.76,62,0,13.85
516,Baker City,US,2022-07-17 17:10:12,44.7749,-117.8344,73.6,43,0,8.05
517,Formosa,AR,2022-07-17 17:08:34,-26.1775,-58.1781,58.98,58,75,5.75
518,Sarh,TD,2022-07-17 17:12:49,9.1429,18.3923,71.96,96,100,4.88
519,Akdepe,TM,2022-07-17 17:12:49,42.0551,59.3788,93.51,17,0,17.43
520,Buala,SB,2022-07-17 17:12:50,-8.145,159.5921,79.09,81,69,7.65
521,Cabedelo,BR,2022-07-17 17:11:43,-6.9811,-34.8339,77.67,80,43,18.97
522,Rosarito,MX,2022-07-17 17:12:50,32.3333,-117.0333,78.64,77,89,5.23
523,Bath,GB,2022-07-17 17:12:50,51.3779,-2.3591,85.6,30,93,8.97
524,Cooma,AU,2022-07-17 17:12:51,-36.2333,149.1333,34.97,81,58,7.85
525,Bose,IT,2022-07-17 17:12:51,45.4612,8.0137,93.16,45,3,5.68
526,Bubaque,GW,2022-07-17 17:12:51,11.2833,-15.8333,81.32,83,94,11.97
527,Warrington,GB,2022-07-17 17:12:52,53.3925,-2.5802,89.87,33,0,10.36
528,Jenbach,AT,2022-07-17 17:12:52,47.4013,11.7406,71.98,43,5,5.88
529,Carballo,ES,2022-07-17 17:12:52,43.213,-8.691,87.22,73,20,3.83
530,Okha,RU,2022-07-17 17:12:16,53.5739,142.9478,52.3,92,100,15.03
531,Bohl-Iggelheim,DE,2022-07-17 17:12:53,49.3806,8.3039,85.86,16,0,6.91
532,Inhambane,MZ,2022-07-17 17:12:53,-23.865,35.3833,67.51,83,2,8.43
533,Saint Marys,US,2022-07-17 17:11:34,30.7305,-81.5465,90.01,71,0,5.01
534,Sisimiut,GL,2022-07-17 17:12:53,66.9395,-53.6735,45.86,79,96,4.59
535,Antofagasta,CL,2022-07-17 17:10:42,-23.65,-70.4,58.28,61,0,9.17
536,Kattivakkam,IN,2022-07-17 17:12:54,13.2167,80.3167,86.09,86,100,15.23
537,Trofors,NO,2022-07-17 17:12:54,65.5333,13.4063,51.67,89,99,6.98
538,Ordynskoye,RU,2022-07-17 17:12:54,54.3656,81.8994,53.28,77,5,5.35
539,Chisec,GT,2022-07-17 17:12:54,15.8167,-90.2833,89.83,48,65,3.42
540,La Palma,US,2022-07-17 17:11:32,33.8464,-118.0467,90.97,83,100,5.75
541,Katangli,RU,2022-07-17 17:12:55,51.7102,143.2326,51.49,91,100,14.83
542,Maryville,US,2022-07-17 17:12:55,35.7565,-83.9705,89.85,65,40,10.36
543,Ayorou,NE,2022-07-17 17:12:55,14.7308,0.9174,92.43,39,75,6.78
544,Joao Camara,BR,2022-07-17 17:12:56,-5.5375,-35.8197,81.16,69,83,15.7
545,Meadow Lake,US,2022-07-17 17:12:56,34.8014,-106.5436,91.6,26,13,4.36
546,Ibra,OM,2022-07-17 17:12:56,22.6906,58.5334,84.6,55,100,4.12
547,Taft,IR,2022-07-17 17:12:57,31.7471,54.2088,91.35,8,0,6.91
548,Sechura,PE,2022-07-17 17:12:57,-5.5569,-80.8222,73.94,58,4,10.8
549,Alyangula,AU,2022-07-17 17:12:57,-13.8483,136.4192,67.95,91,37,10.4
550,Sungaipenuh,ID,2022-07-17 17:12:58,-2.0833,101.3833,64.62,93,73,2.68
551,Yuzhno-Kurilsk,RU,2022-07-17 17:12:58,44.0306,145.8556,61.7,99,100,12.03
552,Hurricane,US,2022-07-17 17:12:58,37.1753,-113.2899,100.74,21,36,2.98
553,Waipawa,NZ,2022-07-17 17:12:58,-41.4122,175.5153,50.77,73,95,20.29
554,Odoyev,RU,2022-07-17 17:13:59,53.9393,36.6864,59.0,85,100,5.7
555,Chiredzi,ZW,2022-07-17 17:13:59,-21.05,31.6667,64.31,61,83,4.21
556,Sao Pedro Do Sul,BR,2022-07-17 17:14:00,-29.6206,-54.1789,54.23,68,64,5.1
557,Ust-Ilimsk,RU,2022-07-17 17:14:00,58.0006,102.6619,52.45,94,7,2.8
558,Awbari,LY,2022-07-17 17:14:00,26.5921,12.7805,95.88,12,1,13.33
559,Tsiroanomandidy,MG,2022-07-17 17:14:01,-18.7667,46.0333,62.46,47,12,8.86
560,Balkhash,KZ,2022-07-17 17:14:01,46.844,74.9804,74.89,51,1,17.87
561,Pemangkat,ID,2022-07-17 17:14:01,1.1667,108.9667,78.42,77,100,5.57
562,Amga,RU,2022-07-17 17:14:01,60.8953,131.9608,66.7,72,20,2.17
563,Aleksandrov Gay,RU,2022-07-17 17:14:02,50.147,48.5704,78.69,41,30,8.34
564,Tutoia,BR,2022-07-17 17:14:02,-2.7619,-42.2744,85.39,60,13,8.46
565,Yulara,AU,2022-07-17 17:13:49,-25.2406,130.9889,51.73,21,19,8.99
566,Belmonte,BR,2022-07-17 17:14:02,-15.8631,-38.8828,78.37,64,23,7.34
567,Spaichingen,DE,2022-07-17 17:14:03,48.0833,8.7167,82.15,44,7,5.01
